record_id,month,day,year,plot_id,species_id,sex,hindfoot_length,weight
23215,1,27,1996,21,PF,F,16.0,7.0
23216,1,27,1996,1,DM,M,36.0,27.0
23217,1,27,1996,17,DM,M,36.0,25.0
23218,1,27,1996,17,DM,M,37.0,25.0
23219,1,27,1996,24,PL,F,20.0,21.0
23220,1,27,1996,2,DM,F,36.0,47.0
23221,1,27,1996,18,PF,F,16.0,9.0
23222,1,27,1996,1,DM,M,34.0,27.0
23223,1,27,1996,2,DO,M,37.0,66.0
23224,1,27,1996,17,DM,F,39.0,49.0
23225,1,27,1996,2,DM,M,40.0,54.0
23226,1,27,1996,1,PB,F,27.0,38.0
23227,1,27,1996,12,DM,F,39.0,51.0
23228,1,27,1996,21,PP,F,21.0,16.0
23229,1,27,1996,18,PF,F,16.0,9.0
23230,1,27,1996,17,DM,M,36.0,51.0
23231,1,27,1996,22,DM,F,36.0,43.0
23232,1,27,1996,1,PB,F,26.0,31.735943060498226
23233,1,27,1996,12,DM,F,38.0,44.0
23234,1,27,1996,2,DM,F,35.0,45.0
23235,1,27,1996,17,DM,M,37.0,42.0
23236,1,27,1996,1,DO,M,38.0,42.0
23237,1,27,1996,2,DM,M,35.0,46.0
23238,1,27,1996,22,DM,M,38.0,56.0
23239,1,27,1996,2,PB,M,29.0,46.0
23240,1,27,1996,20,PF,M,15.0,6.0
23241,1,27,1996,24,PE,F,21.0,23.0
23242,1,27,1996,2,DO,M,36.0,54.0
23243,1,27,1996,2,DM,M,36.0,49.0
23244,1,27,1996,24,RM,M,16.0,10.0
23245,1,27,1996,12,DM,M,36.0,56.0
23246,1,27,1996,21,PM,F,20.0,31.0
23247,1,27,1996,1,DO,M,36.0,54.0
23248,1,27,1996,19,PP,M,22.0,16.0
23249,1,27,1996,1,DO,M,36.0,48.0
23250,1,27,1996,21,PF,M,15.0,6.0
23251,1,27,1996,17,PF,M,17.0,10.0
23252,1,27,1996,12,DM,F,35.0,40.0
23253,1,27,1996,17,DM,M,36.0,58.0
23254,1,27,1996,23,PL,F,20.0,24.0
23255,1,27,1996,1,DO,F,35.0,53.0
23256,1,27,1996,7,RM,M,12.0,17.0
23257,1,27,1996,2,DM,M,36.0,50.0
23258,1,27,1996,2,PE,M,20.0,25.0
23259,1,27,1996,12,DM,M,39.0,47.0
23260,1,27,1996,2,PE,F,20.0,25.0
23261,1,27,1996,20,PF,M,16.0,9.0
23262,1,27,1996,1,OT,M,21.0,25.0
23263,1,27,1996,22,DM,M,39.0,44.0
23264,1,27,1996,17,DM,M,38.0,55.0
23265,1,28,1996,3,DO,M,39.0,64.0
23266,1,28,1996,4,PF,M,16.0,9.0
23267,1,28,1996,3,PE,M,20.0,19.0
23268,1,28,1996,11,DO,F,37.0,52.0
23269,1,28,1996,13,PP,M,23.0,17.0
23270,1,28,1996,15,DM,F,35.0,37.0
23271,1,28,1996,13,PF,F,16.0,7.0
23272,1,28,1996,14,DM,M,36.0,53.0
23273,1,28,1996,3,DO,F,37.0,52.0
23276,1,28,1996,4,PF,M,17.0,9.0
23277,1,28,1996,11,DM,M,39.0,54.0
23278,1,28,1996,8,DO,M,38.0,60.0
23279,1,28,1996,13,PF,F,16.0,11.0
23280,1,28,1996,15,PF,F,16.0,9.0
23281,1,28,1996,4,DM,M,37.0,55.0
23282,1,28,1996,14,DM,F,37.0,50.0
23283,1,28,1996,3,PF,M,15.0,5.0
23284,1,28,1996,9,PF,F,17.0,8.0
23285,1,28,1996,13,PF,F,15.0,9.0
23286,1,28,1996,4,PF,F,17.0,9.0
23287,1,28,1996,3,PP,F,24.0,18.0
23288,1,28,1996,15,RM,M,16.0,10.0
23289,1,28,1996,15,PF,M,16.0,11.0
23290,1,28,1996,5,PF,M,16.0,9.0
23291,1,28,1996,3,PF,M,15.0,9.0
23292,1,28,1996,8,DO,M,36.0,44.0
23293,1,28,1996,5,DO,F,36.0,50.0
23294,1,28,1996,3,PF,F,16.0,9.0
23295,1,28,1996,4,DM,M,36.0,46.0
23296,1,28,1996,5,DM,M,38.0,36.0
23298,1,28,1996,6,DO,M,33.0,44.0
23299,1,28,1996,14,DM,M,33.0,46.0
23300,1,28,1996,4,DM,F,36.0,52.0
23301,1,28,1996,8,DM,M,38.0,37.0
23302,1,28,1996,4,DM,M,38.0,54.0
23303,1,28,1996,4,DM,M,37.0,36.0
23304,1,28,1996,11,RM,M,18.0,12.0
23305,1,28,1996,14,DM,F,37.0,54.0
23306,1,28,1996,5,DM,F,38.0,62.0
23307,1,28,1996,13,DM,M,39.0,60.0
23308,1,28,1996,14,DM,M,38.0,54.0
23309,1,28,1996,9,DM,F,36.0,29.0
23310,1,28,1996,4,DM,F,38.0,62.0
23311,1,28,1996,14,DM,M,37.0,52.0
23312,1,28,1996,5,DO,F,36.0,44.0
23313,1,28,1996,8,OL,M,21.0,30.0
23314,1,28,1996,8,DO,M,36.0,55.0
23315,1,28,1996,9,DO,M,38.0,48.0
23316,1,28,1996,8,DO,F,36.0,51.0
23317,1,28,1996,6,PF,M,15.0,7.0
23318,1,28,1996,9,DM,M,35.0,30.0
23319,1,28,1996,9,DM,M,38.0,45.0
23320,1,28,1996,9,DM,M,37.0,52.0
23321,1,28,1996,8,DM,M,37.0,53.0
23322,1,28,1996,14,DM,M,36.0,48.0
23323,1,28,1996,16,DM,M,37.0,45.0
23324,1,28,1996,9,DM,F,38.0,44.0
23325,1,28,1996,13,DM,M,36.0,53.0
23326,1,28,1996,5,PP,M,23.0,15.0
23327,1,28,1996,11,DM,F,38.0,36.0
23328,1,28,1996,9,DM,M,38.0,56.0
23329,1,28,1996,14,DM,M,36.0,53.0
23330,1,28,1996,6,PF,F,15.0,7.0
23331,1,28,1996,8,DM,F,39.0,51.0
23332,1,28,1996,5,DO,F,34.0,34.0
23333,1,28,1996,3,DO,F,34.0,49.0
23334,1,28,1996,9,PF,M,17.0,7.0
23335,1,28,1996,8,DO,M,39.0,47.0
23336,1,28,1996,14,PF,F,16.0,11.0
23337,1,28,1996,15,DM,M,38.0,51.0
23338,1,28,1996,9,DM,M,38.0,43.0
23339,1,28,1996,15,DM,F,37.0,43.0
23340,1,28,1996,10,PL,F,19.0,20.0
23341,2,24,1996,2,DM,F,38.0,55.0
23342,2,24,1996,12,DM,F,35.0,45.0
23343,2,24,1996,21,PF,M,16.0,10.0
23344,2,24,1996,20,PE,M,21.0,22.0
23345,2,24,1996,2,DM,M,37.0,45.0
23346,2,24,1996,22,DM,F,38.0,49.0
23347,2,24,1996,21,RM,M,18.0,12.0
23348,2,24,1996,17,DM,F,36.0,34.0
23349,2,24,1996,12,DM,M,37.0,48.0
23350,2,24,1996,1,PP,M,24.0,21.0
23351,2,24,1996,12,DM,F,38.0,44.0
23352,2,24,1996,18,PF,M,16.0,9.0
23353,2,24,1996,2,PP,F,22.0,17.0
23354,2,24,1996,12,DM,M,39.0,58.0
23355,2,24,1996,20,RM,F,18.0,11.0
23357,2,24,1996,2,DM,F,35.0,44.0
23358,2,24,1996,1,DM,M,36.0,37.0
23359,2,24,1996,21,PP,F,21.0,16.0
23360,2,24,1996,17,DM,F,37.0,33.0
23361,2,24,1996,12,DM,M,38.0,54.0
23362,2,24,1996,12,DM,F,38.0,49.0
23363,2,24,1996,12,DM,M,37.0,51.0
23364,2,24,1996,1,DO,M,35.0,47.0
23365,2,24,1996,2,DM,F,34.0,49.0
23366,2,24,1996,7,RM,M,18.0,11.0
23367,2,24,1996,1,PB,F,26.0,42.0
23368,2,24,1996,2,DM,M,40.0,55.0
23369,2,24,1996,20,PF,M,17.0,7.92312661498708
23370,2,24,1996,20,PF,F,17.0,9.0
23371,2,24,1996,2,PM,M,20.0,16.0
23372,2,24,1996,24,RM,M,20.0,14.0
23373,2,24,1996,1,PB,F,26.0,31.0
23374,2,24,1996,21,PF,M,16.0,8.0
23375,2,24,1996,17,DM,M,37.0,45.0
23376,2,24,1996,12,DM,M,35.0,46.0
23377,2,24,1996,18,RM,M,17.0,11.0
23378,2,24,1996,20,PF,M,15.0,9.0
23379,2,24,1996,2,PE,F,20.0,17.0
23380,2,24,1996,12,PF,F,14.0,7.0
23381,2,24,1996,2,RM,M,16.0,12.0
23382,2,24,1996,12,DM,F,37.0,40.0
23383,2,24,1996,12,DM,M,36.0,28.0
23384,2,24,1996,22,DM,F,35.0,34.0
23385,2,24,1996,1,DO,F,34.0,59.0
23386,2,24,1996,17,DM,M,38.0,52.0
23387,2,24,1996,24,PM,M,21.0,21.0
23388,2,24,1996,2,DO,M,35.0,49.0
23389,2,24,1996,12,DM,M,36.0,51.0
23390,2,24,1996,17,DM,F,34.0,54.0
23391,2,24,1996,1,DO,M,35.0,47.0
23392,2,24,1996,19,PP,M,21.0,20.0
23393,2,24,1996,2,PE,M,22.0,24.0
23394,2,24,1996,7,PM,F,21.0,24.0
23395,2,24,1996,1,OT,F,20.0,23.0
23396,2,24,1996,2,PE,F,20.0,24.0
23397,2,24,1996,21,PF,F,17.0,9.0
23398,2,24,1996,1,OT,M,21.0,26.0
23399,2,24,1996,2,PE,F,20.0,19.0
23400,2,24,1996,12,DM,F,35.0,46.0
23401,2,24,1996,17,DM,M,38.0,54.0
23402,2,24,1996,20,PF,F,17.0,9.0
23403,2,24,1996,2,DM,M,35.0,47.0
23404,2,24,1996,23,PM,F,20.0,22.0
23405,2,24,1996,12,DM,M,36.0,53.0
23406,2,24,1996,17,PF,M,17.0,9.0
23407,2,24,1996,2,RM,F,17.0,13.0
23408,2,24,1996,22,DM,M,38.0,53.0
23409,2,24,1996,19,PP,M,24.0,20.0
23410,2,25,1996,3,PP,F,21.0,18.0
23412,2,25,1996,3,PE,F,19.0,18.0
23413,2,25,1996,9,OL,M,23.0,26.0
23414,2,25,1996,8,DO,M,37.0,48.87052341597797
23415,2,25,1996,11,DO,F,39.0,54.0
23416,2,25,1996,4,PF,F,16.0,10.0
23417,2,25,1996,9,DO,F,38.0,47.0
23418,2,25,1996,11,PM,M,21.0,21.0
23419,2,25,1996,3,PE,M,21.0,21.0
23420,2,25,1996,11,PP,M,24.0,24.0
23421,2,25,1996,8,PF,F,16.0,8.0
23422,2,25,1996,8,DO,M,37.0,50.0
23423,2,25,1996,14,PF,M,16.0,10.0
23424,2,25,1996,4,DM,M,37.0,51.0
23425,2,25,1996,13,PM,M,22.0,23.0
23426,2,25,1996,3,DO,M,37.0,62.0
23427,2,25,1996,4,DM,F,38.0,49.0
23428,2,25,1996,3,DO,F,35.0,40.0
23429,2,25,1996,4,PF,M,16.0,9.0
23430,2,25,1996,11,DM,M,36.0,53.0
23431,2,25,1996,6,OL,M,21.0,28.0
23432,2,25,1996,8,DO,F,36.0,40.0
23433,2,25,1996,3,OL,F,23.0,26.0
23434,2,25,1996,13,OT,F,22.0,23.0
23436,2,25,1996,5,PF,F,16.0,7.0
23437,2,25,1996,14,DM,M,36.0,28.0
23438,2,25,1996,3,DO,F,37.0,51.0
23439,2,25,1996,6,PF,F,16.0,8.0
23440,2,25,1996,8,DO,M,39.0,51.0
23441,2,25,1996,14,DM,M,38.0,51.0
23442,2,25,1996,3,PP,M,21.0,16.0
23443,2,25,1996,4,DM,M,38.0,42.0
23444,2,25,1996,9,DM,M,38.0,50.0
23445,2,25,1996,13,PP,M,23.0,20.0
23446,2,25,1996,13,PF,F,16.0,11.0
23447,2,25,1996,9,DM,M,38.0,35.0
23448,2,25,1996,15,PF,M,17.0,11.0
23449,2,25,1996,4,DM,M,37.0,48.0
23450,2,25,1996,11,PF,F,16.0,9.0
23451,2,25,1996,16,DM,F,35.0,37.0
23452,2,25,1996,8,DO,F,34.0,58.0
23453,2,25,1996,16,DM,F,36.0,43.0
23454,2,25,1996,4,DM,F,37.0,47.0
23455,2,25,1996,14,DM,M,38.0,52.0
23456,2,25,1996,9,DM,M,36.0,46.0
23457,2,25,1996,14,DM,F,37.0,48.0
23458,2,25,1996,15,RM,M,17.0,10.0
23459,2,25,1996,11,PF,F,17.0,10.0
23460,2,25,1996,13,PF,M,16.0,8.0
23461,2,25,1996,8,DM,M,38.0,51.0
23462,2,25,1996,13,PF,F,17.0,8.0
23463,2,25,1996,5,PF,F,17.0,9.0
23464,2,25,1996,16,DM,M,35.0,32.0
23465,2,25,1996,6,PF,M,17.0,10.0
23466,2,25,1996,9,DM,M,38.0,36.0
23467,2,25,1996,6,PF,M,16.0,10.0
23468,2,25,1996,9,DM,M,37.0,50.0
23469,2,25,1996,13,PF,M,16.0,10.0
23470,2,25,1996,15,PF,F,17.0,9.0
23471,2,25,1996,3,DO,F,35.0,50.0
23472,2,25,1996,14,DM,M,36.0,48.0
23473,2,25,1996,13,DM,M,37.0,52.0
23474,2,25,1996,5,PF,F,16.0,7.0
23475,2,25,1996,3,PP,F,22.0,15.0
23476,2,25,1996,9,DM,F,37.0,47.0
23477,2,25,1996,15,PF,M,16.0,8.0
23478,2,25,1996,6,PF,F,16.0,7.0
23479,2,25,1996,8,DO,M,34.0,37.0
23480,2,25,1996,15,DM,M,38.0,50.0
23481,2,25,1996,11,DM,F,37.0,39.0
23482,2,25,1996,13,PP,M,23.0,21.0
23483,2,25,1996,14,DM,F,37.0,49.0
23484,2,25,1996,5,PF,F,16.0,8.0
23485,2,25,1996,16,DM,M,37.0,43.0
23486,2,25,1996,15,DM,F,37.0,43.0
23487,2,25,1996,13,PF,M,15.0,10.0
23488,2,25,1996,15,DM,F,35.0,47.0
23489,2,25,1996,11,PF,F,16.0,10.0
23490,2,25,1996,5,DM,F,39.0,55.0
23491,2,25,1996,15,PF,F,15.0,10.0
23492,2,25,1996,5,OT,F,21.0,28.0
23493,2,25,1996,16,DO,F,35.0,38.0
23496,3,23,1996,1,DM,F,36.0,52.0
23497,3,23,1996,19,PF,M,16.0,9.0
23498,3,23,1996,2,DM,F,36.0,41.0
23499,3,23,1996,17,DM,F,37.0,38.0
23500,3,23,1996,1,DM,M,34.0,23.0
23501,3,23,1996,2,PP,F,23.0,18.0
23502,3,23,1996,22,PF,M,16.0,8.0
23503,3,23,1996,23,RM,M,18.0,10.0
23504,3,23,1996,2,PE,M,20.0,21.0
23505,3,23,1996,18,PF,M,16.0,10.0
23506,3,23,1996,7,PP,M,23.0,20.0
23507,3,23,1996,1,PF,M,15.0,8.0
23508,3,23,1996,1,DM,M,37.0,39.0
23509,3,23,1996,12,DM,F,37.0,43.0
23510,3,23,1996,12,DM,F,37.0,48.0
23511,3,23,1996,19,PF,M,16.0,7.92312661498708
23512,3,23,1996,20,PF,F,17.0,9.0
23513,3,23,1996,24,PM,M,21.0,21.0
23514,3,23,1996,22,DM,M,39.0,53.0
23515,3,23,1996,24,RM,F,17.0,13.0
23516,3,23,1996,12,PM,M,20.0,17.0
23518,3,23,1996,21,PP,F,21.0,16.0
23519,3,23,1996,2,DM,F,36.0,48.0
23520,3,23,1996,20,RM,F,16.0,11.0
23521,3,23,1996,1,DO,M,36.0,53.0
23522,3,23,1996,2,DM,F,37.0,49.0
23523,3,23,1996,12,PM,M,20.0,18.0
23524,3,23,1996,20,PE,M,21.0,22.0
23525,3,23,1996,18,PF,M,16.0,7.0
23526,3,23,1996,20,PF,M,16.0,9.0
23527,3,23,1996,1,DO,M,36.0,50.0
23528,3,23,1996,24,PE,M,19.0,21.0
23529,3,23,1996,22,PF,M,17.0,11.0
23530,3,23,1996,20,PP,M,23.0,20.0
23531,3,23,1996,21,PF,F,16.0,8.0
23532,3,23,1996,19,RM,F,17.0,12.0
23533,3,23,1996,18,PF,M,16.0,9.0
23534,3,23,1996,21,PP,M,24.0,24.0
23535,3,23,1996,1,PB,M,30.0,49.0
23536,3,23,1996,12,DO,M,45.0,51.0
23538,3,23,1996,1,PP,M,23.0,24.0
23539,3,23,1996,22,PP,M,23.0,21.0
23540,3,23,1996,7,RM,F,16.0,12.0
23541,3,23,1996,23,RM,M,17.0,11.0
23542,3,23,1996,20,PF,M,16.0,10.0
23543,3,23,1996,7,PP,F,21.0,17.0
23544,3,23,1996,17,DM,M,37.0,45.0
23545,3,23,1996,21,PF,F,16.0,8.0
23546,3,23,1996,12,OL,M,20.0,26.0
23547,3,23,1996,2,PE,F,20.0,18.0
23548,3,23,1996,1,DM,M,40.0,58.0
23549,3,23,1996,2,DM,M,38.0,44.0
23550,3,23,1996,12,DM,M,36.0,52.0
23551,3,23,1996,20,PP,M,24.0,19.0
23552,3,23,1996,22,DM,F,37.0,41.0
23553,3,23,1996,7,PP,M,23.0,21.0
23554,3,23,1996,1,OT,F,22.0,23.0
23555,3,23,1996,12,OT,F,22.0,24.0
23556,3,23,1996,7,PP,F,21.676620076238883,20.0
23557,3,23,1996,24,RM,M,16.0,10.0
23558,3,23,1996,2,RM,F,17.0,13.0
23559,3,23,1996,19,PM,M,20.0,14.0
23560,3,23,1996,18,PF,M,16.0,7.0
23561,3,23,1996,1,DO,M,34.0,37.0
23562,3,23,1996,20,PF,F,17.0,10.0
23563,3,23,1996,22,PF,F,17.0,8.0
23564,3,23,1996,7,PM,F,20.0,20.0
23565,3,23,1996,2,DM,M,37.0,48.0
23566,3,23,1996,20,RM,M,18.0,10.0
23567,3,23,1996,1,DO,M,36.0,46.0
23568,3,23,1996,7,PP,F,22.0,18.0
23569,3,23,1996,12,RM,M,16.0,11.0
23570,3,23,1996,19,PM,M,21.0,23.0
23571,3,23,1996,21,PF,M,16.0,8.0
23572,3,23,1996,23,PL,M,20.0,19.0
23573,3,23,1996,1,OT,M,21.0,25.0
23574,3,23,1996,22,DM,M,36.0,53.0
23575,3,23,1996,12,DM,M,37.0,49.0
23576,3,23,1996,22,DM,F,37.0,50.0
23578,3,23,1996,1,PF,M,12.0,6.0
23579,3,23,1996,17,OT,F,21.0,31.0
23580,3,23,1996,1,OL,M,23.0,28.0
23581,3,23,1996,17,PF,M,17.0,8.0
23583,3,23,1996,2,PE,F,19.0,25.0
23584,3,23,1996,12,DM,M,33.0,36.0
23585,3,23,1996,20,RM,M,18.0,11.0
23586,3,23,1996,21,PP,M,23.0,19.0
23587,3,23,1996,7,RM,M,17.0,10.0
23588,3,23,1996,18,PP,M,24.0,23.0
23589,3,23,1996,17,DM,F,36.0,42.0
23590,3,23,1996,20,PF,F,17.0,10.0
23591,3,23,1996,18,PF,F,17.0,10.0
23592,3,23,1996,2,RM,M,17.0,11.0
23594,3,23,1996,2,PP,M,21.838642659279778,24.0
23595,3,23,1996,19,PP,M,23.0,22.0
23596,3,23,1996,20,PP,F,24.0,21.0
23597,3,23,1996,21,PP,F,24.0,24.0
23598,3,23,1996,2,PE,M,20.0,25.0
23599,3,23,1996,18,RM,M,17.0,11.0
23600,3,23,1996,17,PP,F,24.0,17.0
23601,3,23,1996,7,RM,M,17.0,11.0
23602,3,23,1996,21,RM,F,17.0,12.0
23603,3,24,1996,16,DM,M,35.0,42.0
23604,3,24,1996,3,PE,M,21.0,20.0
23605,3,24,1996,8,PE,F,20.0,24.0
23606,3,24,1996,13,PF,M,16.0,9.0
23607,3,24,1996,14,DM,M,36.0,49.0
23608,3,24,1996,6,OT,F,19.0,30.0
23609,3,24,1996,11,RM,M,18.0,12.0
23610,3,24,1996,13,PF,F,17.0,9.0
23611,3,24,1996,8,DO,M,38.0,48.0
23612,3,24,1996,16,DM,F,35.0,31.0
23614,3,24,1996,8,PP,M,22.0,21.0
23615,3,24,1996,13,PF,F,18.0,7.0
23616,3,24,1996,3,PF,F,16.0,8.0
23617,3,24,1996,8,PP,F,21.0,16.0
23618,3,24,1996,13,PM,F,22.0,20.0
23619,3,24,1996,9,DM,F,37.0,36.0
23620,3,24,1996,15,RM,F,16.0,11.0
23621,3,24,1996,14,DM,M,37.0,51.0
23622,3,24,1996,11,DM,M,39.0,53.0
23623,3,24,1996,3,PP,M,22.0,18.0
23624,3,24,1996,14,DM,F,37.0,48.0
23625,3,24,1996,3,PP,M,24.0,22.0
23626,3,24,1996,3,DO,F,37.0,54.0
23627,3,24,1996,14,DM,M,37.0,50.0
23628,3,24,1996,11,DO,F,38.0,56.0
23629,3,24,1996,8,DO,F,34.0,49.0
23630,3,24,1996,11,PM,F,19.0,14.0
23631,3,24,1996,14,DM,F,38.0,47.0
23632,3,24,1996,11,DO,M,36.0,43.0
23633,3,24,1996,15,RM,M,18.0,10.0
23634,3,24,1996,3,PP,F,22.0,15.0
23635,3,24,1996,15,DM,M,39.0,48.0
23636,3,24,1996,14,PP,F,24.0,18.0
23637,3,24,1996,5,DO,F,36.0,49.0
23638,3,24,1996,14,DM,M,36.0,40.0
23639,3,24,1996,10,RM,M,16.0,10.0
23640,3,24,1996,13,PP,M,23.0,25.0
23641,3,24,1996,13,DM,F,36.0,39.0
23642,3,24,1996,16,DM,F,34.0,49.0
23643,3,24,1996,14,PP,M,22.0,22.0
23645,4,14,1996,2,DM,F,37.0,47.0
23646,4,14,1996,7,PM,M,21.0,21.0
23647,4,14,1996,1,DO,M,37.0,36.0
23648,4,14,1996,12,PP,F,23.0,19.0
23649,4,14,1996,7,PM,F,21.0,17.0
23650,4,14,1996,2,DM,F,34.0,26.0
23651,4,14,1996,19,PF,F,17.0,9.0
23652,4,14,1996,22,PF,F,17.0,8.0
23653,4,14,1996,17,DM,M,38.0,40.0
23654,4,14,1996,21,PF,F,16.0,10.0
23655,4,14,1996,22,DM,F,37.0,27.0
23656,4,14,1996,1,PF,M,15.0,8.0
23657,4,14,1996,7,RM,M,15.0,10.0
23658,4,14,1996,2,PE,M,21.0,20.0
23659,4,14,1996,20,PF,M,17.0,10.0
23660,4,14,1996,24,PM,M,20.0,18.0
23661,4,14,1996,18,PF,F,17.0,9.0
23662,4,14,1996,17,DM,M,38.0,39.0
23663,4,14,1996,12,DM,F,34.0,48.0
23664,4,14,1996,24,RM,M,17.0,10.0
23665,4,14,1996,21,PP,F,21.0,20.0
23666,4,14,1996,12,PF,F,15.0,8.0
23667,4,14,1996,18,PP,F,24.0,20.0
23668,4,14,1996,19,PF,M,16.0,8.0
23669,4,14,1996,12,RM,F,17.0,15.0
23670,4,14,1996,12,DM,F,37.0,49.0
23671,4,14,1996,20,RM,M,19.0,11.0
23672,4,14,1996,19,PP,M,23.0,18.0
23673,4,14,1996,17,DM,M,37.0,49.0
23674,4,14,1996,20,PF,F,17.0,11.0
23675,4,14,1996,1,PF,M,16.0,8.0
23676,4,14,1996,2,PP,F,23.0,20.0
23678,4,14,1996,22,PF,F,16.0,7.0
23679,4,14,1996,1,RM,F,18.0,14.0
23680,4,14,1996,2,RM,M,18.0,12.0
23681,4,14,1996,1,DO,F,36.0,51.0
23682,4,14,1996,12,DO,M,35.0,52.0
23683,4,14,1996,19,PP,F,24.0,18.0
23684,4,14,1996,17,PF,M,16.0,9.0
23685,4,14,1996,18,RM,M,17.0,11.0
23686,4,14,1996,17,DM,M,37.0,45.0
23687,4,14,1996,2,DM,M,40.0,56.0
23688,4,14,1996,18,PF,M,16.0,7.0
23689,4,14,1996,22,DM,M,37.0,51.0
23690,4,14,1996,18,PF,M,15.0,9.0
23691,4,14,1996,17,PF,M,18.0,9.0
23692,4,14,1996,18,PP,M,24.0,23.0
23693,4,14,1996,12,DM,M,37.0,52.0
23694,4,14,1996,21,PF,F,16.0,9.0
23695,4,14,1996,20,PP,M,24.0,21.0
23696,4,14,1996,20,RM,M,17.0,11.0
23697,4,14,1996,7,PP,F,21.0,21.0
23698,4,14,1996,12,DM,M,37.0,44.0
23699,4,14,1996,23,PL,M,21.0,20.0
23700,4,14,1996,12,RM,M,18.0,12.0
23701,4,14,1996,17,DM,F,38.0,43.15786396413954
23702,4,14,1996,21,PF,M,15.0,8.0
23703,4,14,1996,2,DM,F,36.0,49.0
23704,4,14,1996,18,PF,M,17.0,8.0
23705,4,14,1996,17,DM,M,38.0,51.0
23706,4,14,1996,22,DM,F,37.0,43.0
23707,4,14,1996,21,PP,F,25.0,26.0
23708,4,14,1996,12,OT,F,22.0,23.0
23709,4,14,1996,7,RM,F,17.0,11.0
23710,4,14,1996,12,OL,M,21.0,27.0
23711,4,14,1996,19,PP,M,24.0,18.0
23712,4,14,1996,17,RM,F,16.0,9.0
23713,4,14,1996,23,RM,M,17.0,13.0
23715,4,14,1996,1,DO,M,37.0,38.0
23716,4,14,1996,2,PE,F,19.0,25.0
23717,4,14,1996,19,PF,M,17.0,8.0
23718,4,14,1996,18,PP,M,24.0,20.0
23719,4,14,1996,24,PM,M,20.0,17.0
23720,4,14,1996,1,DO,M,34.0,37.0
23721,4,14,1996,19,PF,M,17.0,9.0
23722,4,14,1996,12,RM,M,18.0,11.0
23723,4,14,1996,17,RM,M,17.0,10.0
23724,4,14,1996,20,PP,F,24.0,25.0
23725,4,14,1996,7,RM,M,15.0,9.0
23726,4,14,1996,19,PP,M,23.0,21.0
23727,4,14,1996,1,PF,F,15.0,7.0
23728,4,14,1996,19,PP,M,22.0,18.0
23729,4,14,1996,2,PE,F,20.0,22.0
23730,4,14,1996,24,PE,M,20.0,20.0
23731,4,14,1996,18,PF,M,16.0,9.0
23732,4,15,1996,3,PP,M,22.0,20.0
23733,4,15,1996,13,PM,M,20.0,21.0
23734,4,15,1996,16,DM,F,31.0,30.0
23735,4,15,1996,3,PE,F,20.0,19.0
23736,4,15,1996,11,PP,M,22.0,22.0
23737,4,15,1996,16,RM,M,15.0,10.0
23739,4,15,1996,11,DM,M,37.0,51.0
23741,4,15,1996,3,PP,M,23.0,20.0
23742,4,15,1996,4,PF,M,15.0,8.0
23743,4,15,1996,6,PF,F,15.0,8.0
23744,4,15,1996,8,PF,M,16.0,8.0
23745,4,15,1996,15,PF,M,14.0,7.0
23746,4,15,1996,3,PP,M,24.0,25.0
23747,4,15,1996,9,DO,F,38.0,46.0
23748,4,15,1996,3,PP,M,24.0,22.0
23749,4,15,1996,4,DM,F,37.0,49.0
23750,4,15,1996,3,DO,F,36.0,41.0
23751,4,15,1996,11,DM,M,34.0,49.0
23752,4,15,1996,8,PP,F,21.0,17.0
23753,4,15,1996,13,DM,M,37.0,49.0
23754,4,15,1996,14,DM,F,34.0,19.0
23755,4,15,1996,5,DO,M,34.0,50.0
23756,4,15,1996,11,DO,F,34.0,22.0
23757,4,15,1996,5,OT,F,20.0,25.0
23758,4,15,1996,3,RM,M,18.0,12.0
23759,4,15,1996,4,DM,M,36.0,50.0
23760,4,15,1996,13,PM,F,21.0,22.0
23761,4,15,1996,15,PF,F,16.0,7.0
23762,4,15,1996,3,DO,F,35.0,46.0
23763,4,15,1996,5,PF,F,15.0,8.0
23764,4,15,1996,6,PF,M,15.0,9.0
23766,4,15,1996,11,DO,F,37.0,49.0
23767,4,15,1996,5,DO,F,35.486334405144696,48.87052341597797
23768,4,15,1996,3,PP,F,21.0,15.0
23769,4,15,1996,9,DM,F,36.0,37.0
23770,4,15,1996,3,DO,M,37.0,50.0
23771,4,15,1996,4,DM,M,37.0,44.0
23772,4,15,1996,6,DO,M,35.0,42.0
23773,4,15,1996,3,PE,M,21.0,19.0
23774,4,15,1996,8,DO,M,33.0,49.0
23775,4,15,1996,14,DM,M,37.0,50.0
23776,4,15,1996,3,RM,M,18.0,11.0
23777,4,15,1996,4,PF,M,16.0,11.0
23778,4,15,1996,11,DO,M,35.0,51.0
23779,4,15,1996,4,DM,F,37.0,47.0
23780,4,15,1996,6,DO,M,33.0,48.0
23781,4,15,1996,8,DO,M,35.0,49.0
23782,4,15,1996,13,PF,F,15.0,8.0
23783,4,15,1996,15,RM,M,17.0,14.0
23784,4,15,1996,6,PF,M,14.0,7.92312661498708
23785,4,15,1996,8,PF,M,15.0,9.0
23786,4,15,1996,15,PF,F,15.0,12.0
23787,4,15,1996,3,PP,M,24.0,23.0
23788,4,15,1996,11,PM,M,21.0,17.0
23789,4,15,1996,8,DO,M,34.0,30.0
23790,4,15,1996,3,PF,M,15.0,7.0
23791,4,15,1996,3,PP,F,23.0,24.0
23792,4,15,1996,4,PF,F,16.0,8.0
23793,4,15,1996,8,DO,M,38.0,29.0
23795,4,15,1996,8,PF,F,16.0,8.0
23796,4,15,1996,13,PM,F,21.0,13.0
23797,4,15,1996,4,PP,F,21.0,11.0
23798,4,15,1996,8,PP,M,23.0,20.0
23799,4,15,1996,11,RM,F,17.0,13.0
23800,4,15,1996,8,PP,F,24.0,19.0
23801,4,15,1996,14,PF,F,16.0,8.0
23802,4,15,1996,15,PF,M,17.0,8.0
23803,4,15,1996,5,PF,M,16.0,7.0
23804,4,15,1996,3,PF,M,15.0,8.0
23805,4,15,1996,14,DM,F,37.0,44.0
23806,4,15,1996,15,DM,M,38.0,35.0
23807,4,15,1996,4,PF,M,15.0,8.0
23809,4,15,1996,6,DO,M,35.0,23.0
23810,4,15,1996,11,DM,M,36.0,51.0
23811,4,15,1996,8,DO,F,31.0,49.0
23812,4,15,1996,3,PP,M,23.0,42.0
23813,4,15,1996,4,DM,M,40.0,51.0
23814,4,15,1996,6,OL,M,19.0,27.0
23815,4,15,1996,11,RM,M,16.0,11.0
23816,4,15,1996,3,OL,F,21.0,23.0
23817,4,15,1996,8,PP,F,23.0,16.0
23818,4,15,1996,3,PF,M,16.0,8.0
23819,4,15,1996,9,PF,M,16.0,7.0
23820,4,15,1996,8,DM,M,37.0,49.0
23821,4,15,1996,13,DM,M,39.0,54.0
23822,4,15,1996,15,PF,F,16.0,13.0
23823,4,15,1996,3,OT,M,21.0,29.0
23824,4,15,1996,9,DM,M,35.0,39.0
23825,4,15,1996,8,PF,F,16.0,8.0
23826,4,15,1996,14,DM,F,35.0,46.0
23828,4,15,1996,3,DO,F,38.0,48.0
23829,4,15,1996,6,DO,M,35.0,41.0
23830,4,15,1996,11,DO,M,37.0,48.87052341597797
23831,4,15,1996,15,PF,M,15.0,12.0
23832,4,15,1996,3,DO,M,37.0,41.0
23833,4,15,1996,11,RM,F,17.0,11.0
23834,4,15,1996,8,PP,F,22.0,14.0
23835,4,15,1996,15,PP,F,22.0,23.0
23836,4,15,1996,16,DM,M,35.0,42.0
23837,4,15,1996,6,PF,M,15.0,7.0
23838,4,15,1996,9,DM,M,38.0,48.0
23840,4,15,1996,8,DO,F,36.0,51.0
23841,4,15,1996,4,DM,M,35.0,47.0
23842,4,15,1996,9,DM,M,33.0,46.0
23843,4,15,1996,8,PP,M,23.0,16.0
23844,4,15,1996,8,PP,M,22.0,22.0
23845,4,15,1996,13,DM,F,37.0,47.0
23846,4,15,1996,14,DM,M,37.0,36.0
23847,4,15,1996,15,PF,M,15.0,10.0
23848,4,15,1996,9,PE,F,20.0,22.0
23849,4,15,1996,8,DM,M,37.0,49.0
23850,4,15,1996,13,PF,F,15.0,9.0
23852,4,15,1996,15,RM,F,16.0,16.0
23853,4,15,1996,4,PF,F,15.0,9.0
23855,4,15,1996,4,DM,M,37.0,38.0
23856,4,15,1996,6,DO,F,35.0,58.0
23857,4,15,1996,9,PF,M,17.0,9.0
23858,4,15,1996,5,PF,M,15.0,8.0
23859,4,15,1996,6,DO,M,37.0,59.0
23860,4,15,1996,11,DO,M,36.0,53.0
23862,4,15,1996,3,PF,F,17.0,8.0
23864,4,15,1996,3,PP,F,21.0,16.0
23865,4,15,1996,11,DM,M,35.0,53.0
23866,4,15,1996,8,PP,F,22.0,16.0
23867,4,15,1996,14,DM,F,35.0,45.0
23868,4,15,1996,13,PF,M,16.0,7.92312661498708
23869,4,15,1996,15,PP,M,21.0,18.0
23870,4,15,1996,16,RM,M,18.0,10.0
23871,4,15,1996,6,PF,M,16.0,7.0
23872,4,15,1996,11,DM,F,36.0,41.0
23873,4,15,1996,13,PM,M,20.0,14.0
23874,4,15,1996,15,PF,F,15.0,9.0
23875,4,15,1996,8,PP,F,23.0,16.0
23877,4,15,1996,3,PP,M,21.0,18.0
23878,4,15,1996,11,PM,M,20.0,18.0
23879,4,15,1996,15,PP,M,23.0,20.0
23880,4,15,1996,15,PF,M,14.0,12.0
23881,4,15,1996,10,RM,M,15.0,9.0
23882,5,23,1996,21,PF,M,16.0,10.0
23883,5,23,1996,12,DO,F,37.0,34.0
23884,5,23,1996,21,PP,M,22.0,7.0
23885,5,23,1996,22,PF,M,17.0,8.0
23886,5,23,1996,21,PF,M,16.0,8.0
23887,5,23,1996,22,PP,F,24.0,18.0
23888,5,23,1996,21,PP,M,22.0,18.0
23889,5,23,1996,18,PF,M,13.0,8.0
23890,5,23,1996,12,DM,M,35.0,46.0
23891,5,23,1996,1,DO,F,37.0,45.0
23892,5,23,1996,2,PP,F,24.0,21.0
23893,5,23,1996,21,PP,M,23.0,11.0
23894,5,23,1996,12,NL,M,21.0,118.0
23895,5,23,1996,2,DM,M,35.0,41.0
23896,5,23,1996,21,PP,M,23.0,12.0
23897,5,23,1996,24,RM,M,18.0,11.0
23898,5,23,1996,22,DM,F,37.0,42.0
23899,5,23,1996,2,DM,M,38.0,53.0
23900,5,23,1996,19,PP,F,23.0,20.0
23901,5,23,1996,7,PM,M,21.0,20.0
23902,5,23,1996,2,DM,F,37.0,55.0
23903,5,23,1996,18,PP,M,24.0,21.0
23904,5,23,1996,2,DM,F,36.0,49.0
23905,5,23,1996,22,PF,F,17.0,7.0
23907,5,23,1996,12,DM,F,35.0,48.0
23908,5,23,1996,22,DM,M,37.0,54.0
23909,5,23,1996,12,DM,M,38.0,54.0
23910,5,23,1996,7,PP,M,24.0,13.0
23911,5,23,1996,12,DM,F,30.0,45.0
23912,5,23,1996,2,PF,M,17.0,8.0
23913,5,23,1996,2,PP,F,21.0,13.0
23914,5,23,1996,21,PP,F,22.0,21.0
23915,5,23,1996,21,PF,M,16.0,8.0
23916,5,23,1996,12,DM,M,32.0,53.0
23917,5,23,1996,12,DM,M,21.0,48.0
23918,5,23,1996,1,DO,M,36.0,46.0
23920,5,23,1996,17,DM,M,36.0,49.0
23921,5,23,1996,12,PF,F,15.0,7.0
23922,5,23,1996,2,DM,M,40.0,54.0
23923,5,23,1996,22,DM,F,35.0,22.0
23924,5,23,1996,20,PP,F,23.0,19.0
23925,5,23,1996,21,PF,F,16.0,9.0
23926,5,23,1996,17,DM,F,37.0,44.0
23927,5,23,1996,22,DM,F,35.0,20.0
23928,5,23,1996,17,DM,M,38.0,45.0
23929,5,23,1996,2,DM,F,35.0,47.0
23930,5,23,1996,21,PF,F,17.0,9.0
23931,5,23,1996,20,PF,F,16.0,10.0
23932,5,23,1996,18,PP,M,23.0,21.0
23933,5,23,1996,21,RM,M,18.0,11.0
23934,5,23,1996,22,PF,M,15.0,8.0
23935,5,23,1996,21,PF,M,16.0,8.0
23936,5,23,1996,2,DM,M,37.0,47.0
23937,5,23,1996,21,PP,F,21.0,12.0
23938,5,23,1996,18,PF,M,15.0,7.0
23939,5,23,1996,12,DM,M,34.0,27.0
23940,5,23,1996,17,DM,F,36.0,42.0
23941,5,23,1996,7,PP,M,21.0,18.0
23942,5,23,1996,19,PP,F,23.0,21.0
23943,5,23,1996,7,PP,F,22.0,23.0
23944,5,23,1996,2,PE,F,20.0,24.0
23945,5,23,1996,2,PE,M,21.0,21.0
23946,5,23,1996,18,PP,M,23.0,20.0
23947,5,23,1996,13,PF,M,15.0,9.0
23948,5,23,1996,19,PP,M,21.838642659279778,17.173941798941797
23950,5,24,1996,14,DM,M,37.0,51.0
23951,5,24,1996,3,PP,M,22.0,20.0
23952,5,24,1996,14,DM,F,37.0,47.0
23953,5,24,1996,6,DO,M,38.0,27.0
23954,5,24,1996,14,DM,M,39.0,56.0
23955,5,24,1996,3,DO,F,35.0,35.0
23956,5,24,1996,15,PF,M,16.0,9.0
23957,5,24,1996,8,PP,F,23.0,19.0
23958,5,24,1996,6,PF,F,16.0,9.0
23959,5,24,1996,5,DM,F,38.0,49.0
23960,5,24,1996,8,DO,F,34.0,47.0
23961,5,24,1996,15,PF,F,12.0,9.0
23963,5,24,1996,3,DO,F,37.0,46.0
23964,5,24,1996,13,OT,M,20.0,26.0
23965,5,24,1996,15,DM,M,36.0,42.0
23966,5,24,1996,5,PF,M,15.0,9.0
23967,5,24,1996,3,PP,M,23.0,20.0
23968,5,24,1996,15,PF,F,16.0,11.0
23969,5,24,1996,6,OL,M,21.0,29.0
23970,5,24,1996,4,DM,M,36.0,47.0
23971,5,24,1996,15,PF,M,15.0,8.0
23972,5,24,1996,5,PF,M,17.0,9.0
23973,5,24,1996,15,PF,F,15.0,8.0
23974,5,24,1996,3,PP,F,23.0,26.0
23975,5,24,1996,6,DO,M,35.0,47.0
23976,5,24,1996,13,PF,F,17.0,8.0
23978,5,24,1996,3,PF,M,15.0,9.0
23979,5,24,1996,6,DO,F,33.0,32.0
23980,5,24,1996,4,PF,M,16.0,10.0
23981,5,24,1996,8,DO,M,37.0,47.0
23983,5,24,1996,4,DM,M,37.0,47.0
23984,5,24,1996,15,PF,F,16.0,9.0
23985,5,24,1996,9,DM,M,36.0,47.0
23986,5,24,1996,9,DM,M,37.0,41.0
23987,5,24,1996,13,OT,F,22.0,27.0
23988,5,24,1996,14,DM,M,37.0,49.0
23989,5,24,1996,13,DM,F,37.0,40.0
23990,5,24,1996,6,DO,M,36.0,31.0
23991,5,24,1996,9,DO,M,36.0,45.0
23992,5,24,1996,15,PF,F,15.0,8.0
23993,5,24,1996,5,PF,M,16.0,8.0
23994,5,24,1996,6,PF,F,14.0,9.0
23995,5,24,1996,13,PF,F,16.0,9.0
23996,5,24,1996,6,PF,M,15.0,9.0
23997,5,24,1996,8,PP,F,23.0,18.0
23998,5,24,1996,15,PP,M,14.0,21.0
23999,5,24,1996,10,RM,M,18.0,12.0
24000,5,24,1996,4,PF,F,17.0,8.0
24001,5,24,1996,15,PP,M,24.0,20.0
24002,5,24,1996,13,PF,F,16.0,9.0
24003,5,24,1996,5,PF,M,16.0,9.0
24004,5,24,1996,16,DM,F,41.0,43.15786396413954
24005,5,24,1996,4,DM,M,38.0,51.0
24006,5,24,1996,14,DM,F,38.0,49.0
24007,5,24,1996,15,PP,M,21.0,10.0
24008,5,24,1996,13,DM,M,37.0,24.0
24009,5,24,1996,5,OT,F,20.0,30.0
24010,5,24,1996,3,DO,M,38.0,44.0
24011,5,24,1996,14,DM,F,35.0,61.0
24013,6,13,1996,19,PF,M,16.0,9.0
24014,6,13,1996,22,DM,F,37.0,51.0
24015,6,13,1996,19,PB,F,25.0,26.0
24016,6,13,1996,7,PP,F,23.0,12.0
24017,6,13,1996,21,PF,M,15.0,8.0
24018,6,13,1996,22,DM,F,38.0,45.0
24019,6,13,1996,22,PF,F,17.0,10.0
24020,6,13,1996,19,PP,F,23.0,20.0
24021,6,13,1996,20,OT,M,22.0,30.0
24022,6,13,1996,1,PP,M,22.0,12.0
24023,6,13,1996,20,PP,M,23.0,20.0
24024,6,13,1996,21,PP,M,21.0,19.0
24025,6,13,1996,22,PP,M,23.0,12.0
24026,6,13,1996,18,PF,F,15.0,10.0
24027,6,13,1996,2,DM,M,40.0,53.0
24028,6,13,1996,17,DM,M,39.0,42.0
24029,6,13,1996,21,PP,F,21.0,18.0
24030,6,13,1996,1,PF,M,16.0,7.0
24031,6,13,1996,20,PF,M,16.0,10.0
24032,6,13,1996,21,PP,M,22.0,18.0
24033,6,13,1996,1,DO,F,38.0,49.0
24034,6,13,1996,12,PP,M,22.0,19.0
24035,6,13,1996,7,PP,F,23.0,18.0
24036,6,13,1996,12,DO,F,37.0,43.0
24037,6,13,1996,21,PF,F,16.0,9.0
24038,6,13,1996,12,PP,F,23.0,25.0
24039,6,13,1996,2,PP,F,23.0,21.0
24040,6,13,1996,12,DM,M,37.0,48.0
24041,6,13,1996,19,PP,M,22.0,14.0
24042,6,13,1996,7,PP,M,23.0,12.0
24043,6,13,1996,18,PF,M,16.0,8.0
24044,6,13,1996,1,PP,M,22.0,16.0
24045,6,13,1996,2,DM,F,36.0,41.0
24046,6,13,1996,12,DM,M,37.0,51.0
24047,6,13,1996,17,PF,M,15.0,9.0
24048,6,13,1996,2,PP,F,22.0,17.0
24049,6,13,1996,21,RM,F,17.0,12.0
24050,6,13,1996,12,PF,F,16.0,10.0
24052,6,13,1996,2,PB,M,26.0,26.0
24053,6,13,1996,20,PF,F,16.0,7.0
24054,6,13,1996,21,PP,M,22.0,17.0
24055,6,13,1996,19,PF,M,16.0,9.0
24056,6,13,1996,1,PF,M,16.0,6.0
24057,6,13,1996,20,OT,F,23.0,24.0
24058,6,13,1996,17,DM,M,37.0,49.0
24059,6,13,1996,19,PP,M,23.0,20.0
24060,6,13,1996,7,PP,M,22.0,19.0
24061,6,13,1996,21,PF,F,17.0,9.0
24062,6,13,1996,23,RM,M,17.0,11.0
24063,6,13,1996,19,PF,M,15.0,9.0
24064,6,13,1996,12,DM,F,36.0,53.0
24065,6,13,1996,7,PP,F,24.0,23.0
24066,6,13,1996,19,PF,M,16.0,9.0
24067,6,13,1996,19,PP,M,20.0,12.0
24068,6,13,1996,18,PP,M,22.0,16.0
24069,6,13,1996,21,PP,F,24.0,21.0
24070,6,13,1996,17,DM,M,36.0,22.0
24071,6,13,1996,21,PP,M,25.0,14.0
24072,6,13,1996,17,DM,F,36.0,51.0
24073,6,13,1996,12,OT,M,19.0,25.0
24074,6,13,1996,18,PP,F,22.0,13.0
24075,6,13,1996,12,PM,M,21.0,20.0
24076,6,13,1996,19,PF,M,16.0,10.0
24077,6,13,1996,18,PF,F,16.0,10.0
24078,6,13,1996,20,PP,F,23.0,24.0
24079,6,13,1996,1,DO,M,34.0,47.0
24080,6,13,1996,17,DM,M,37.0,50.0
24081,6,13,1996,7,PP,F,23.0,13.0
24083,6,14,1996,13,PP,M,24.0,19.0
24084,6,14,1996,14,DM,F,38.0,46.0
24085,6,14,1996,16,RM,M,18.0,12.0
24087,6,14,1996,3,PP,M,23.0,19.0
24088,6,14,1996,4,PF,F,16.0,7.0
24090,6,14,1996,9,PF,M,16.0,8.0
24091,6,14,1996,13,PF,F,16.0,10.0
24092,6,14,1996,16,DM,F,34.0,38.0
24093,6,14,1996,15,PF,M,16.0,8.0
24094,6,14,1996,14,DM,M,38.0,51.0
24096,6,14,1996,4,DM,M,38.0,52.0
24097,6,14,1996,3,DO,F,35.0,49.0
24098,6,14,1996,8,PE,F,20.0,28.0
24100,6,14,1996,14,PF,M,17.0,7.0
24101,6,14,1996,8,DO,M,37.0,52.0
24102,6,14,1996,9,DO,M,34.0,48.0
24103,6,14,1996,8,PP,F,23.0,18.0
24105,6,14,1996,3,PF,M,16.0,9.0
24106,6,14,1996,9,DM,F,36.0,40.0
24107,6,14,1996,13,DM,F,36.0,41.0
24108,6,14,1996,14,DM,M,38.0,56.0
24110,6,14,1996,8,DO,F,35.0,50.0
24111,6,14,1996,4,DM,M,36.0,48.0
24112,6,14,1996,11,DO,F,39.0,48.0
24113,6,14,1996,15,PF,F,16.0,10.0
24114,6,14,1996,8,PP,F,21.0,10.0
24115,6,14,1996,4,DM,M,38.0,47.0
24116,6,14,1996,3,PP,M,23.0,14.0
24117,6,14,1996,6,DO,M,36.0,39.0
24118,6,14,1996,3,PP,M,24.0,21.0
24119,6,14,1996,3,PP,F,24.0,21.0
24120,6,14,1996,4,PF,M,15.0,5.0
24121,6,14,1996,9,DM,M,38.0,49.0
24122,6,14,1996,14,PF,M,16.0,9.0
24123,6,14,1996,3,PF,M,16.0,7.0
24124,6,14,1996,4,PF,M,17.0,10.0
24126,6,14,1996,3,PE,F,20.0,23.0
24127,6,14,1996,8,DO,M,37.0,47.0
24128,6,14,1996,13,DM,F,37.0,33.0
24129,6,14,1996,5,PF,M,17.0,9.0
24130,6,14,1996,13,PF,F,16.0,5.0
24131,6,14,1996,14,PP,F,23.0,15.0
24132,6,14,1996,15,PP,F,23.0,19.0
24135,6,14,1996,9,DM,M,39.0,43.0
24136,6,14,1996,8,DO,M,36.0,42.0
24137,6,14,1996,14,PP,F,23.0,21.0
24138,6,14,1996,3,DO,F,37.0,49.0
24139,6,14,1996,4,PP,F,22.0,15.0
24140,6,14,1996,8,DO,M,37.0,49.0
24141,6,14,1996,13,PF,M,15.0,9.0
24142,6,14,1996,3,PP,M,24.0,22.0
24143,6,14,1996,9,DM,M,38.0,50.0
24144,6,14,1996,14,DM,M,36.1882290562036,26.0
24145,6,14,1996,11,PM,M,21.0,19.0
24146,6,14,1996,13,PF,F,16.0,9.0
24147,6,14,1996,14,DM,M,35.0,43.0
24148,6,14,1996,6,DO,F,38.0,52.0
24149,6,14,1996,13,PF,M,17.0,9.0
24150,6,14,1996,15,PP,F,22.0,18.0
24151,6,14,1996,4,PF,F,17.0,8.0
24153,6,14,1996,4,DM,M,38.0,46.0
24154,6,14,1996,14,DM,M,39.0,52.0
24155,6,14,1996,4,OL,M,23.0,40.0
24156,6,14,1996,14,DM,F,35.0,44.0
24157,6,14,1996,14,DM,F,37.0,49.0
24158,6,14,1996,11,DO,F,34.0,33.0
24159,6,14,1996,13,DM,M,36.0,31.0
24160,6,14,1996,14,DM,M,37.0,48.0
24161,6,14,1996,15,PF,F,17.0,10.0
24162,6,14,1996,5,OT,F,20.0,29.0
24163,6,14,1996,13,PP,M,23.0,13.0
24164,6,14,1996,15,OT,M,21.0,26.0
24166,6,14,1996,6,DO,F,37.0,42.0
24167,6,14,1996,11,DO,M,39.0,48.87052341597797
24168,6,14,1996,9,DM,M,38.0,46.0
24169,6,14,1996,14,PM,M,20.0,13.0
24170,6,14,1996,15,OL,F,21.0,21.0
24172,7,20,1996,2,PP,M,22.0,17.0
24173,7,20,1996,19,PP,M,22.0,18.0
24174,7,20,1996,21,PF,F,16.0,9.0
24175,7,20,1996,19,PP,F,22.0,23.0
24176,7,20,1996,2,OT,F,19.0,23.0
24177,7,20,1996,18,PF,M,15.0,9.0
24178,7,20,1996,20,PF,F,16.0,8.0
24179,7,20,1996,17,DM,M,35.0,44.0
24180,7,20,1996,21,PP,F,23.0,16.0
24181,7,20,1996,12,DM,F,35.0,42.0
24182,7,20,1996,23,RM,M,17.0,12.0
24183,7,20,1996,18,PP,F,23.0,14.0
24184,7,20,1996,7,PP,F,24.0,22.0
24185,7,20,1996,2,PP,F,22.0,17.0
24186,7,20,1996,21,PP,F,23.0,19.0
24187,7,20,1996,12,PF,M,17.0,8.0
24188,7,20,1996,7,PP,M,24.0,23.0
24189,7,20,1996,1,PP,F,22.0,16.0
24190,7,20,1996,1,PP,M,23.0,10.0
24191,7,20,1996,20,PP,F,23.0,18.0
24192,7,20,1996,21,PP,F,20.0,17.0
24193,7,20,1996,17,DM,M,36.0,47.0
24195,7,20,1996,19,PP,F,22.0,20.0
24196,7,20,1996,22,DM,M,39.0,49.0
24197,7,20,1996,2,DM,F,30.0,46.0
24198,7,20,1996,18,PP,M,23.0,19.0
24199,7,20,1996,20,PP,M,24.0,20.0
24200,7,20,1996,12,DM,M,36.0,49.0
24201,7,20,1996,7,PP,F,23.0,17.0
24202,7,20,1996,12,PP,F,23.0,21.0
24203,7,20,1996,19,PF,M,15.0,9.0
24204,7,20,1996,7,PP,M,22.0,21.0
24205,7,20,1996,19,PF,F,16.0,7.0
24206,7,20,1996,17,DM,M,37.0,49.0
24207,7,20,1996,7,PP,F,23.0,20.0
24208,7,20,1996,17,OT,M,22.0,28.0
24209,7,20,1996,22,DM,F,37.0,51.0
24210,7,20,1996,1,PP,M,23.0,19.0
24211,7,20,1996,20,PF,M,16.0,10.0
24212,7,20,1996,1,DO,F,35.0,58.0
24214,7,20,1996,7,PP,M,23.0,23.0
24215,7,20,1996,17,PP,M,21.0,20.0
24216,7,20,1996,2,PB,F,26.0,24.0
24217,7,20,1996,2,PP,M,23.0,12.0
24218,7,20,1996,17,DM,M,37.0,53.0
24220,7,20,1996,1,PF,F,15.0,7.0
24221,7,20,1996,18,PF,F,15.0,10.0
24222,7,20,1996,17,PF,F,16.0,7.0
24223,7,20,1996,21,PP,F,23.0,21.0
24224,7,20,1996,21,PP,F,22.0,26.0
24225,7,20,1996,12,PF,F,16.0,6.0
24226,7,20,1996,19,PP,M,23.0,19.0
24227,7,20,1996,22,PF,M,16.0,8.0
24229,7,21,1996,5,PF,M,17.0,6.0
24230,7,21,1996,9,PP,F,22.0,13.0
24231,7,21,1996,4,DM,M,39.0,49.0
24232,7,21,1996,8,DO,F,36.0,54.0
24233,7,21,1996,3,PP,F,24.0,20.0
24234,7,21,1996,4,PF,F,17.0,9.0
24235,7,21,1996,15,PF,M,17.0,10.0
24236,7,21,1996,3,DO,F,35.0,49.0
24237,7,21,1996,4,DM,M,40.0,51.0
24238,7,21,1996,3,DO,F,37.0,51.0
24239,7,21,1996,15,PP,F,24.0,23.0
24240,7,21,1996,4,PF,M,17.0,11.0
24241,7,21,1996,9,DM,F,37.0,41.0
24242,7,21,1996,11,DO,M,37.0,48.87052341597797
24243,7,21,1996,15,DM,M,38.0,46.0
24244,7,21,1996,8,PP,M,23.0,25.0
24245,7,21,1996,3,PP,M,23.0,19.0
24246,7,21,1996,3,PP,M,21.0,17.0
24247,7,21,1996,11,PF,M,17.0,9.0
24248,7,21,1996,8,PP,F,24.0,23.0
24249,7,21,1996,14,PF,F,17.0,10.0
24250,7,21,1996,9,DM,M,37.0,48.0
24251,7,21,1996,8,DO,M,37.0,52.0
24252,7,21,1996,5,PF,F,15.0,8.0
24253,7,21,1996,11,PP,M,23.0,15.0
24254,7,21,1996,9,OT,M,20.0,32.0
24255,7,21,1996,5,OT,M,20.0,22.0
24256,7,21,1996,4,DM,M,37.0,47.0
24257,7,21,1996,6,DO,F,37.0,58.0
24258,7,21,1996,6,DO,F,39.0,52.0
24259,7,21,1996,8,DO,M,35.0,51.0
24260,7,21,1996,14,DM,M,37.0,55.0
24261,7,21,1996,9,DM,M,37.0,45.0
24262,7,21,1996,14,DM,M,37.0,44.0
24263,7,21,1996,13,PF,F,15.0,13.0
24264,7,21,1996,14,DM,F,36.0,55.0
24265,7,21,1996,15,PP,M,23.0,23.0
24266,7,21,1996,11,OT,M,20.0,19.0
24267,7,21,1996,8,DO,M,38.0,54.0
24268,7,21,1996,4,PF,F,17.0,9.0
24269,7,21,1996,6,DO,M,36.0,50.0
24270,7,21,1996,11,DM,M,37.0,39.0
24271,7,21,1996,13,DM,F,37.0,44.0
24272,7,21,1996,3,DO,F,38.0,53.0
24273,7,21,1996,8,DO,M,36.0,51.0
24274,7,21,1996,3,PP,M,22.0,18.0
24275,7,21,1996,4,DM,M,38.0,45.0
24276,7,21,1996,3,PP,M,23.0,19.0
24279,8,14,1996,19,PP,M,21.0,18.0
24280,8,14,1996,22,DM,F,35.0,46.0
24281,8,14,1996,19,PB,F,23.0,23.0
24282,8,14,1996,22,DM,F,39.0,42.0
24283,8,14,1996,20,PP,F,23.0,18.0
24284,8,14,1996,12,DM,M,37.0,43.15786396413954
24285,8,14,1996,22,PP,M,23.0,16.0
24287,8,14,1996,18,PF,M,15.0,8.0
24288,8,14,1996,1,PP,F,23.0,15.0
24289,8,14,1996,19,PP,F,22.0,17.0
24290,8,14,1996,12,DM,M,38.0,57.0
24291,8,14,1996,21,PP,F,22.0,20.0
24292,8,14,1996,2,DM,F,35.0,47.0
24293,8,14,1996,17,DM,M,38.0,44.0
24294,8,14,1996,1,PP,M,23.0,19.0
24295,8,14,1996,1,PP,F,24.0,16.0
24296,8,14,1996,19,PP,F,24.0,22.0
24297,8,14,1996,17,PF,M,16.0,10.0
24298,8,14,1996,1,DO,M,36.0,23.0
24299,8,14,1996,17,PP,M,22.0,20.0
24300,8,14,1996,12,DM,F,36.0,44.0
24301,8,14,1996,19,PP,M,22.0,18.0
24302,8,14,1996,21,PP,F,23.0,18.0
24303,8,14,1996,1,PB,F,26.0,32.0
24304,8,14,1996,12,DM,M,39.0,44.0
24305,8,14,1996,12,PP,F,23.0,19.0
24306,8,14,1996,2,DM,M,36.0,40.0
24307,8,14,1996,2,PP,F,22.0,19.0
24308,8,14,1996,20,PP,M,22.0,17.173941798941797
24309,8,14,1996,20,PP,F,23.0,18.0
24310,8,14,1996,7,PP,F,23.0,17.0
24311,8,14,1996,23,PP,F,23.0,16.0
24312,8,14,1996,1,DO,F,36.0,46.0
24313,8,14,1996,19,PP,M,22.0,15.0
24314,8,14,1996,18,PP,F,24.0,20.0
24315,8,14,1996,18,PP,F,22.0,16.0
24316,8,14,1996,20,PP,M,23.0,21.0
24317,8,14,1996,1,PP,F,22.0,18.0
24318,8,14,1996,2,PP,M,23.0,15.0
24319,8,14,1996,12,DM,F,36.0,49.0
24320,8,14,1996,18,PF,F,16.0,11.0
24321,8,14,1996,17,DM,M,37.0,46.0
24322,8,14,1996,20,PP,M,22.0,19.0
24323,8,14,1996,19,PP,M,23.0,19.0
24324,8,14,1996,12,PP,F,23.0,16.0
24325,8,14,1996,21,PP,F,24.0,21.0
24326,8,14,1996,21,PP,F,23.0,17.0
24327,8,14,1996,12,PF,M,16.0,9.0
24328,8,14,1996,17,DM,M,38.0,49.0
24330,8,15,1996,3,PP,F,22.0,16.0
24331,8,15,1996,6,PP,M,23.0,15.0
24332,8,15,1996,8,PP,M,23.0,15.0
24333,8,15,1996,14,PP,M,22.0,13.0
24334,8,15,1996,3,DO,F,34.0,48.0
24335,8,15,1996,14,PP,M,22.0,17.0
24336,8,15,1996,3,PP,F,23.0,15.0
24338,8,15,1996,15,DM,M,37.0,41.0
24339,8,15,1996,9,DM,F,37.0,45.0
24340,8,15,1996,14,DM,F,37.0,48.0
24341,8,15,1996,6,PF,F,16.0,9.0
24342,8,15,1996,11,DO,F,40.0,59.0
24343,8,15,1996,11,PP,M,22.0,17.173941798941797
24344,8,15,1996,8,DO,F,36.0,55.0
24345,8,15,1996,4,DM,M,37.0,52.0
24346,8,15,1996,14,DM,M,36.0,45.0
24347,8,15,1996,3,PP,M,24.0,19.0
24348,8,15,1996,13,PP,M,22.0,18.0
24349,8,15,1996,6,PF,F,15.0,8.0
24350,8,15,1996,5,PF,M,16.0,8.0
24351,8,15,1996,3,PP,M,22.0,17.0
24352,8,15,1996,5,PF,F,16.0,8.0
24353,8,15,1996,11,DM,M,38.0,43.0
24354,8,15,1996,9,PP,M,23.0,13.0
24355,8,15,1996,4,PP,M,23.0,12.0
24356,8,15,1996,4,DM,M,37.0,45.0
24357,8,15,1996,6,OT,M,20.0,22.0
24358,8,15,1996,11,PP,F,22.0,11.0
24359,8,15,1996,5,OT,F,21.0,22.0
24360,8,15,1996,3,PP,F,22.0,15.0
24361,8,15,1996,15,PP,F,23.0,21.0
24362,8,15,1996,3,PP,M,22.0,11.0
24363,8,15,1996,6,PF,F,15.0,8.0
24364,8,15,1996,3,PP,F,23.0,17.0
24365,8,15,1996,14,DM,M,38.0,49.0
24366,8,15,1996,9,DM,M,36.0,47.0
24367,8,15,1996,13,PP,M,24.0,18.0
24368,8,15,1996,3,PP,M,22.0,17.0
24369,8,15,1996,13,PP,M,23.0,19.0
24370,8,15,1996,13,PF,F,15.0,8.0
24371,8,15,1996,8,DO,M,36.0,45.0
24372,8,15,1996,13,DM,F,37.0,41.0
24373,8,15,1996,9,DM,M,36.0,47.0
24374,8,15,1996,4,PP,F,21.0,14.0
24375,8,15,1996,6,PP,M,22.0,15.0
24376,8,15,1996,8,PP,F,21.0,13.0
24377,8,15,1996,4,PF,M,17.0,10.0
24378,8,15,1996,13,PP,M,23.0,17.0
24379,8,15,1996,9,PP,M,22.0,16.0
24380,8,15,1996,6,OT,M,20.0,24.0
24381,8,15,1996,4,PP,M,23.0,16.0
24382,8,15,1996,13,PF,F,16.0,11.0
24383,8,15,1996,6,OT,F,21.0,21.0
24384,8,15,1996,13,PF,M,15.0,9.0
24385,8,15,1996,13,PP,M,23.0,20.0
24386,8,15,1996,5,PP,M,24.0,18.0
24389,9,21,1996,12,DM,F,34.0,21.0
24390,9,21,1996,17,DM,M,36.0,48.0
24391,9,21,1996,18,PP,F,22.0,18.0
24392,9,21,1996,23,PP,M,18.0,22.0
24393,9,21,1996,2,DM,F,33.0,26.0
24394,9,21,1996,21,OT,M,21.0,23.0
24395,9,21,1996,12,PP,M,21.0,11.0
24396,9,21,1996,2,DM,M,35.0,28.0
24397,9,21,1996,12,PB,M,26.0,31.0
24398,9,21,1996,19,PP,M,23.0,16.0
24399,9,21,1996,1,PB,F,26.0,32.0
24400,9,21,1996,12,DM,M,37.0,47.0
24401,9,21,1996,17,DM,M,37.0,44.0
24402,9,21,1996,20,OT,F,20.0,27.0
24403,9,21,1996,21,PP,F,22.0,17.0
24404,9,21,1996,1,DM,M,37.0,35.0
24405,9,21,1996,12,NL,M,32.0,184.0
24406,9,21,1996,22,DM,F,35.0,41.0
24407,9,21,1996,2,DM,F,35.0,42.0
24408,9,21,1996,20,PP,M,21.0,14.0
24409,9,21,1996,17,PF,F,16.0,8.0
24410,9,21,1996,20,PF,M,16.0,8.0
24411,9,21,1996,19,PP,F,22.0,17.0
24412,9,21,1996,22,DM,F,23.0,54.0
24413,9,21,1996,2,OT,F,19.0,31.0
24414,9,21,1996,18,PP,M,23.0,17.0
24415,9,21,1996,20,OT,M,20.0,21.0
24416,9,21,1996,1,PF,M,15.0,7.0
24417,9,21,1996,12,DM,M,33.0,22.0
24418,9,21,1996,2,PP,F,20.0,20.0
24419,9,21,1996,17,OT,M,19.0,13.0
24420,9,21,1996,22,DM,M,35.0,31.0
24421,9,21,1996,17,OT,F,22.0,22.0
24422,9,21,1996,1,DO,M,37.0,41.0
24423,9,21,1996,2,PB,M,26.0,36.0
24424,9,21,1996,12,DM,F,36.0,49.0
24425,9,21,1996,17,PF,M,16.0,7.0
24426,9,21,1996,2,OT,M,22.0,27.0
24427,9,21,1996,17,DM,F,36.0,46.0
24428,9,21,1996,12,DM,M,36.0,50.0
24429,9,21,1996,17,PF,F,15.0,8.0
24430,9,21,1996,1,DO,F,36.0,52.0
24431,9,21,1996,12,DM,F,35.0,43.0
24432,9,21,1996,21,OT,M,22.0,15.0
24433,9,21,1996,24,PM,M,19.0,20.0
24434,9,21,1996,18,PF,M,16.0,8.0
24435,9,21,1996,2,PP,F,23.0,21.0
24436,9,21,1996,12,PF,M,16.0,7.0
24437,9,21,1996,21,PP,F,22.0,21.0
24438,9,21,1996,22,DM,F,30.0,52.0
24439,9,21,1996,7,PP,F,23.0,21.0
24440,9,21,1996,2,PB,F,25.0,24.0
24441,9,21,1996,12,OT,F,20.0,29.0
24442,9,21,1996,17,DM,M,37.0,50.0
24443,9,21,1996,2,DM,M,36.0,42.0
24444,9,21,1996,20,PB,M,26.0,25.0
24445,9,21,1996,12,DM,M,36.0,49.0
24446,9,21,1996,21,PP,F,22.0,17.173941798941797
24447,9,21,1996,12,OT,M,23.0,27.0
24448,9,21,1996,20,OT,M,20.0,20.0
24449,9,21,1996,12,PP,M,19.0,14.0
24450,9,21,1996,18,PF,F,15.0,9.0
24451,9,21,1996,22,PB,M,28.0,40.0
24452,9,21,1996,2,PB,M,25.0,32.0
24453,9,21,1996,12,PF,F,15.0,8.0
24454,9,21,1996,18,PP,F,22.0,16.0
24455,9,21,1996,17,PP,F,21.0,16.0
24456,9,21,1996,22,OT,F,22.0,24.0
24457,9,21,1996,12,DM,F,35.0,42.0
24458,9,21,1996,17,DM,M,37.0,50.0
24459,9,21,1996,17,PP,M,22.0,20.0
24460,9,22,1996,4,DM,M,36.0,54.0
24461,9,22,1996,6,PP,F,21.0,15.0
24462,9,22,1996,8,PP,M,21.0,18.0
24463,9,22,1996,15,PF,F,15.0,10.0
24464,9,22,1996,4,PP,M,23.0,11.0
24465,9,22,1996,6,PP,M,22.0,16.0
24466,9,22,1996,3,PP,F,21.0,17.0
24467,9,22,1996,8,PF,F,15.0,9.0
24468,9,22,1996,15,PF,F,16.0,9.0
24469,9,22,1996,8,DO,M,35.0,54.0
24470,9,22,1996,6,OT,F,20.0,25.0
24471,9,22,1996,9,DM,F,36.0,43.0
24472,9,22,1996,13,OT,F,20.0,16.0
24473,9,22,1996,4,PF,M,12.0,9.0
24474,9,22,1996,15,DM,M,38.0,48.0
24475,9,22,1996,4,DM,M,38.0,51.0
24476,9,22,1996,6,PF,F,15.550624133148403,7.92312661498708
24477,9,22,1996,13,OT,F,20.0,18.0
24478,9,22,1996,15,PF,F,15.0,7.0
24479,9,22,1996,13,OT,F,21.0,28.0
24480,9,22,1996,3,PB,F,27.0,26.0
24481,9,22,1996,11,OT,F,20.0,24.0
24482,9,22,1996,13,OT,M,20.0,14.0
24483,9,22,1996,15,PP,M,21.0,15.0
24484,9,22,1996,11,DO,F,36.0,61.0
24485,9,22,1996,9,DO,M,34.0,50.0
24486,9,22,1996,5,PF,F,16.0,8.0
24487,9,22,1996,11,DO,M,37.0,48.87052341597797
24488,9,22,1996,5,PP,F,21.0,16.0
24489,9,22,1996,9,DM,M,36.0,49.0
24490,9,22,1996,8,PP,F,20.0,19.0
24491,9,22,1996,14,DM,M,36.0,47.0
24492,9,22,1996,3,PP,F,20.0,16.0
24493,9,22,1996,14,DM,F,36.0,49.0
24494,9,22,1996,3,PP,F,20.0,18.0
24495,9,22,1996,14,PP,F,22.0,14.0
24496,9,22,1996,15,PF,F,15.0,8.0
24497,9,22,1996,14,DM,M,37.0,57.0
24498,9,22,1996,3,OT,F,21.0,16.0
24499,9,22,1996,11,DM,F,35.0,33.0
24500,9,22,1996,8,DO,M,35.0,52.0
24501,9,22,1996,13,OT,M,20.0,21.0
24502,9,22,1996,14,DM,F,36.0,30.0
24503,9,22,1996,11,PF,F,15.0,5.0
24504,9,22,1996,16,OT,M,20.0,22.0
24505,9,22,1996,3,PP,M,21.0,20.0
24506,9,22,1996,3,OT,F,20.0,19.0
24507,9,22,1996,6,PF,F,15.0,5.0
24508,9,22,1996,8,DO,F,37.0,40.0
24509,9,22,1996,13,PF,F,16.0,8.0
24510,9,22,1996,14,PF,M,15.0,8.0
24511,9,22,1996,5,PF,F,16.0,9.0
24512,9,22,1996,4,DM,M,37.0,50.0
24513,9,22,1996,16,PM,M,20.0,19.0
24514,9,22,1996,5,PF,M,17.0,8.0
24515,9,22,1996,3,PP,M,21.0,17.0
24516,9,22,1996,9,DM,M,37.0,35.0
24517,9,22,1996,13,PE,M,19.0,26.0
24518,9,22,1996,14,DM,M,34.0,48.0
24519,9,22,1996,15,OT,F,21.0,27.0
24520,9,22,1996,4,PF,M,16.0,8.0
24521,9,22,1996,6,PB,F,26.0,29.0
24522,9,22,1996,6,PP,F,23.0,14.0
24523,9,22,1996,15,OT,M,20.0,16.0
24524,9,22,1996,8,OT,F,21.0,25.0
24525,9,22,1996,13,DM,F,36.0,45.0
24526,9,22,1996,14,DM,M,35.0,30.0
24527,9,22,1996,15,PP,F,23.0,15.0
24528,9,22,1996,11,DM,M,36.0,47.0
24529,9,22,1996,13,PP,M,21.0,19.0
24530,9,22,1996,14,DM,F,36.0,53.0
24531,9,22,1996,10,RM,M,20.0,11.0
24532,9,22,1996,13,PF,M,15.0,9.0
24533,9,22,1996,11,PP,M,23.0,15.0
24534,9,22,1996,4,OT,F,21.0,28.0
24535,9,22,1996,16,RM,F,17.0,14.0
24536,10,12,1996,1,OT,M,20.0,25.0
24537,10,12,1996,2,DM,M,38.0,45.0
24538,10,12,1996,12,DM,M,39.0,46.0
24539,10,12,1996,18,PF,F,16.0,9.0
24540,10,12,1996,1,DM,F,35.0,27.0
24541,10,12,1996,17,PF,F,16.0,8.0
24542,10,12,1996,19,OT,M,19.0,14.0
24543,10,12,1996,17,DM,M,37.0,44.0
24544,10,12,1996,7,PM,M,21.0,20.0
24545,10,12,1996,24,PE,F,20.0,19.0
24546,10,12,1996,2,DM,M,38.0,50.0
24547,10,12,1996,12,PP,M,22.0,16.0
24548,10,12,1996,1,DM,M,37.0,40.0
24549,10,12,1996,2,DM,M,34.0,36.0
24550,10,12,1996,12,PF,M,16.0,7.0
24552,10,12,1996,24,PE,M,21.0,20.0
24553,10,12,1996,2,DM,F,35.0,48.0
24554,10,12,1996,12,OT,M,22.0,22.0
24555,10,12,1996,1,PB,F,26.0,34.0
24556,10,12,1996,12,NL,M,32.57743362831859,185.0
24557,10,12,1996,17,DM,M,37.0,41.0
24558,10,12,1996,22,DM,M,35.0,20.0
24559,10,12,1996,20,PF,F,16.0,7.0
24560,10,12,1996,17,DM,F,35.0,27.0
24561,10,12,1996,20,PP,M,23.0,18.0
24562,10,12,1996,22,DM,F,35.0,35.0
24563,10,12,1996,21,OT,M,21.0,20.0
24564,10,12,1996,12,PF,M,15.0,8.0
24565,10,12,1996,19,PP,F,22.0,17.0
24566,10,12,1996,19,PB,M,27.0,26.0
24567,10,12,1996,18,PF,M,15.0,8.0
24568,10,12,1996,1,PP,M,22.0,18.0
24569,10,12,1996,12,DM,F,36.0,33.0
24570,10,12,1996,17,OT,M,21.0,17.0
24571,10,12,1996,2,PB,M,27.0,37.0
24572,10,12,1996,12,DM,F,36.0,35.0
24573,10,12,1996,1,DO,F,37.0,49.0
24574,10,12,1996,17,DM,M,36.0,48.0
24575,10,12,1996,21,PF,F,16.0,8.0
24576,10,12,1996,1,DO,M,36.0,45.0
24577,10,12,1996,22,DM,M,37.0,54.0
24578,10,12,1996,7,PP,F,23.0,20.0
24579,10,12,1996,2,PB,M,26.0,26.0
24580,10,12,1996,12,PF,F,16.0,7.0
24581,10,12,1996,12,DM,F,37.0,45.0
24582,10,12,1996,24,PL,F,19.0,23.0
24583,10,12,1996,17,DM,M,38.0,43.0
24584,10,12,1996,22,PB,M,27.0,35.0
24585,10,12,1996,17,PF,M,16.0,8.0
24586,10,12,1996,20,PB,M,27.0,31.0
24587,10,12,1996,21,PF,M,16.0,8.0
24588,10,12,1996,12,DM,F,34.0,42.0
24589,10,12,1996,2,NL,M,33.0,127.0
24590,10,12,1996,1,DO,F,37.0,38.0
24591,10,12,1996,17,DM,F,36.0,45.0
24592,10,12,1996,12,OT,F,21.0,25.0
24593,10,12,1996,22,DM,F,37.0,34.0
24594,10,12,1996,1,OT,F,21.0,30.0
24595,10,12,1996,2,PB,M,28.0,38.0
24596,10,12,1996,20,PF,F,15.0,7.0
24597,10,12,1996,18,PF,M,15.0,7.0
24598,10,12,1996,17,PP,M,23.0,16.0
24600,10,13,1996,3,OT,M,21.0,23.0
24601,10,13,1996,6,PF,F,16.0,8.0
24602,10,13,1996,11,OT,F,21.0,24.0
24603,10,13,1996,9,DM,M,36.0,41.0
24604,10,13,1996,6,OT,F,20.0,17.0
24605,10,13,1996,3,PP,F,22.0,15.0
24606,10,13,1996,9,DM,F,36.0,46.0
24607,10,13,1996,15,OT,M,21.0,21.0
24608,10,13,1996,3,OT,F,22.0,24.0
24609,10,13,1996,8,OT,F,20.0,21.0
24610,10,13,1996,14,DM,M,37.0,45.0
24611,10,13,1996,3,DO,F,35.0,55.0
24612,10,13,1996,9,DO,M,34.0,49.0
24613,10,13,1996,8,DO,M,37.0,50.0
24614,10,13,1996,9,PF,M,16.0,7.0
24615,10,13,1996,14,DM,M,30.0,26.0
24616,10,13,1996,14,DM,M,33.0,24.0
24617,10,13,1996,9,PF,M,16.0,6.0
24618,10,13,1996,4,DM,M,37.0,50.0
24619,10,13,1996,15,OT,M,20.0,26.0
24621,10,13,1996,3,PB,F,27.0,30.0
24622,10,13,1996,8,DO,M,37.0,46.0
24623,10,13,1996,15,PP,M,22.0,15.0
24624,10,13,1996,3,PF,M,16.0,7.0
24625,10,13,1996,6,PP,M,21.0,15.0
24626,10,13,1996,4,DM,F,36.0,41.0
24627,10,13,1996,3,PP,F,23.0,16.0
24628,10,13,1996,3,OT,F,21.0,22.0
24629,10,13,1996,6,PF,M,16.0,7.0
24630,10,13,1996,14,PF,M,17.0,7.0
24631,10,13,1996,4,DM,M,37.0,48.0
24632,10,13,1996,14,DM,M,37.0,47.0
24633,10,13,1996,9,DM,M,35.0,46.0
24634,10,13,1996,13,DM,F,36.0,43.0
24635,10,13,1996,16,DM,M,37.0,45.0
24636,10,13,1996,3,OT,M,21.0,28.0
24637,10,13,1996,4,PF,M,16.0,9.0
24638,10,13,1996,6,PF,M,16.0,7.0
24639,10,13,1996,11,DO,F,38.0,54.0
24640,10,13,1996,9,DM,M,36.0,47.0
24641,10,13,1996,15,PF,F,16.0,9.0
24642,10,13,1996,11,PF,F,15.0,6.0
24643,10,13,1996,6,OT,M,20.0,23.0
24644,10,13,1996,6,PP,M,22.0,16.0
24645,10,13,1996,3,PP,F,23.0,17.0
24646,10,13,1996,4,DM,M,38.0,42.0
24647,10,13,1996,8,DO,F,36.0,42.0
24648,10,13,1996,14,OT,M,21.0,22.0
24649,10,13,1996,15,PP,M,22.0,15.0
24650,10,13,1996,13,PP,M,23.0,18.0
24651,10,13,1996,4,DM,M,36.0,47.0
24652,10,13,1996,13,PF,F,16.0,9.0
24653,10,13,1996,14,OT,M,18.0,13.0
24654,10,13,1996,4,OT,F,20.0,24.0
24655,10,13,1996,6,PF,F,15.0,8.0
24656,10,13,1996,6,OT,F,21.0,22.0
24657,10,13,1996,9,OL,F,22.0,30.0
24658,10,13,1996,14,OT,F,21.0,19.0
24659,10,13,1996,9,DM,F,35.0,36.0
24660,10,13,1996,4,PF,F,15.0,7.0
24661,10,13,1996,6,PP,M,22.0,17.0
24662,10,13,1996,11,DM,M,37.0,44.0
24663,10,13,1996,13,PF,F,16.0,8.0
24664,10,13,1996,14,DM,M,36.0,40.0
24665,10,13,1996,11,PP,M,24.0,19.0
24666,10,13,1996,14,DM,F,36.0,43.0
24667,10,13,1996,11,DM,F,36.0,35.0
24668,10,13,1996,13,PF,M,15.0,7.0
24672,11,16,1996,21,RM,M,18.0,13.0
24673,11,16,1996,23,PM,M,19.0,23.0
24674,11,16,1996,22,DM,F,35.0,38.0
24675,11,16,1996,17,PF,F,15.0,7.0
24676,11,16,1996,12,DM,M,36.0,48.0
24677,11,16,1996,17,DM,M,38.0,42.0
24678,11,16,1996,12,DM,F,36.0,49.0
24679,11,16,1996,1,DM,M,37.0,40.0
24680,11,16,1996,20,PF,F,17.0,9.0
24681,11,16,1996,2,DM,M,35.0,42.0
24682,11,16,1996,2,DM,M,36.0,41.0
24683,11,16,1996,22,DM,F,37.0,43.0
24684,11,16,1996,23,RM,M,17.0,10.0
24685,11,16,1996,12,DM,M,36.0,36.0
24686,11,16,1996,17,OT,F,22.0,25.0
24687,11,16,1996,22,OT,F,22.0,25.0
24688,11,16,1996,17,DM,M,38.0,47.0
24689,11,16,1996,24,PM,M,20.0,25.0
24690,11,16,1996,2,NL,F,33.0,130.0
24691,11,16,1996,1,PB,F,26.0,34.0
24692,11,16,1996,2,PB,M,28.0,30.0
24693,11,16,1996,22,DM,M,36.0,40.0
24694,11,16,1996,2,DM,M,38.0,42.0
24695,11,16,1996,22,OT,M,21.0,21.0
24696,11,16,1996,22,DM,F,37.0,47.0
24697,11,16,1996,17,PM,M,23.0,23.0
24698,11,16,1996,20,OT,F,20.0,21.0
24699,11,16,1996,12,DM,F,33.0,35.0
24700,11,16,1996,1,DO,F,36.0,49.0
24701,11,16,1996,18,PF,M,16.0,7.0
24702,11,16,1996,20,PF,M,16.0,7.0
24703,11,16,1996,2,NL,M,33.0,148.0
24704,11,16,1996,17,DM,F,35.0,34.0
24705,11,16,1996,2,OT,F,22.0,27.0
24706,11,16,1996,17,DM,M,36.0,51.0
24707,11,16,1996,1,DO,M,38.0,46.0
24708,11,16,1996,12,NL,F,34.0,144.0
24709,11,16,1996,12,DM,F,37.0,47.0
24710,11,16,1996,1,OT,M,20.0,23.0
24711,11,16,1996,2,PE,M,22.0,24.0
24712,11,16,1996,18,RM,F,18.0,12.0
24713,11,16,1996,17,PF,M,16.0,8.0
24714,11,16,1996,2,PE,F,20.0,25.0
24715,11,16,1996,17,OT,M,21.0,20.0
24716,11,16,1996,1,OT,M,21.0,28.0
24717,11,16,1996,2,PB,M,25.0,27.0
24718,11,16,1996,7,PM,F,19.0,21.0
24719,11,16,1996,1,DO,F,36.0,45.0
24721,11,17,1996,3,PE,M,19.0,23.0
24722,11,17,1996,8,DM,F,37.0,39.0
24723,11,17,1996,14,DM,M,35.0,47.0
24724,11,17,1996,6,PB,F,27.0,29.0
24725,11,17,1996,3,RM,M,17.0,11.0
24726,11,17,1996,9,DM,M,37.0,49.0
24727,11,17,1996,15,PF,F,15.0,9.0
24728,11,17,1996,4,PF,F,16.0,7.0
24729,11,17,1996,6,PF,F,15.0,8.0
24730,11,17,1996,9,DM,F,36.0,40.0
24731,11,17,1996,4,DM,F,36.0,39.0
24732,11,17,1996,9,DM,F,35.0,24.0
24733,11,17,1996,15,RM,F,17.0,12.0
24734,11,17,1996,8,DO,M,38.0,34.0
24735,11,17,1996,4,PF,F,15.0,8.0
24736,11,17,1996,11,DO,M,35.0,41.0
24737,11,17,1996,3,PB,F,27.0,33.0
24738,11,17,1996,4,DM,M,36.0,51.0
24739,11,17,1996,14,DM,M,33.0,33.0
24740,11,17,1996,3,PP,F,22.0,15.0
24741,11,17,1996,13,OT,F,22.0,27.0
24742,11,17,1996,3,PM,M,21.0,19.0
24743,11,17,1996,9,DM,M,35.0,40.0
24744,11,17,1996,3,DO,F,35.0,54.0
24745,11,17,1996,8,DO,F,38.0,48.87052341597797
24746,11,17,1996,8,OT,F,22.0,24.0
24747,11,17,1996,3,OT,M,20.0,24.0
24748,11,17,1996,11,RM,F,18.0,11.0
24749,11,17,1996,9,PF,M,15.0,7.0
24750,11,17,1996,9,DM,F,35.0,39.0
24751,11,17,1996,8,DM,M,35.0,33.0
24752,11,17,1996,3,OT,F,22.0,29.0
24753,11,17,1996,9,DM,M,37.0,43.0
24754,11,17,1996,8,DO,M,36.0,50.0
24755,11,17,1996,13,PF,F,16.0,8.0
24756,11,17,1996,14,DM,F,33.0,36.0
24757,11,17,1996,3,DM,M,35.0,39.0
24758,11,17,1996,4,DM,M,38.0,48.0
24759,11,17,1996,9,DM,F,35.0,38.0
24760,11,17,1996,9,DO,M,36.0,46.0
24761,11,17,1996,8,PF,F,16.0,7.0
24762,11,17,1996,6,OT,F,20.0,18.0
24763,11,17,1996,11,DM,M,37.0,39.0
24765,11,17,1996,4,DM,F,37.0,42.0
24766,11,17,1996,8,PF,M,16.0,7.0
24767,11,17,1996,14,DM,F,36.0,47.0
24768,11,17,1996,15,PF,F,16.0,7.0
24769,11,17,1996,3,PF,M,15.0,7.0
24770,11,17,1996,8,DM,F,36.0,38.0
24771,11,17,1996,4,DM,M,38.0,46.0
24772,11,17,1996,13,DM,F,32.0,43.0
24773,11,17,1996,4,DM,M,38.0,44.0
24774,11,17,1996,16,DM,F,35.0,39.0
24775,11,17,1996,4,PF,F,16.0,7.0
24776,11,17,1996,6,OT,M,20.0,21.0
24777,11,17,1996,11,DM,F,35.0,43.0
24778,11,17,1996,13,OT,M,20.0,23.0
24779,11,17,1996,3,DO,F,35.0,45.0
24780,11,17,1996,4,PF,F,16.0,8.0
24781,11,17,1996,14,PF,M,17.0,7.0
24782,11,17,1996,3,OT,F,21.0,22.0
24783,11,17,1996,6,OT,M,20.0,20.0
24784,11,17,1996,8,DO,F,38.0,55.0
24785,11,17,1996,14,DM,M,36.0,52.0
24786,11,17,1996,6,OT,F,22.0,25.0
24787,11,17,1996,11,DM,M,36.0,44.0
24788,11,17,1996,11,DM,F,35.0,38.0
24789,11,17,1996,13,PF,F,16.0,8.0
24790,11,17,1996,10,RM,M,17.0,10.0
24791,11,17,1996,16,RM,F,17.0,16.0
24793,12,18,1996,1,DM,M,37.0,44.0
24794,12,18,1996,2,PB,M,27.0,34.0
24795,12,18,1996,17,DM,M,37.0,48.0
24796,12,18,1996,1,DO,M,35.0,36.0
24797,12,18,1996,23,RM,M,17.0,11.0
24798,12,18,1996,22,DM,F,37.0,38.0
24799,12,18,1996,12,DM,F,37.0,47.0
24800,12,18,1996,12,OT,F,20.0,20.0
24801,12,18,1996,19,PF,M,16.0,8.0
24802,12,18,1996,24,PM,F,21.0,19.0
24803,12,18,1996,18,RM,M,17.0,11.0
24804,12,18,1996,20,RM,F,17.0,10.0
24805,12,18,1996,1,PF,M,15.0,7.0
24806,12,18,1996,2,OT,F,20.0,27.0
24807,12,18,1996,22,DM,F,35.0,47.0
24808,12,18,1996,17,OT,F,21.0,22.0
24809,12,18,1996,24,RM,F,16.0,11.0
24810,12,18,1996,17,DM,M,36.0,52.0
24811,12,18,1996,1,DO,M,34.0,38.0
24812,12,18,1996,18,PF,M,16.0,8.0
24813,12,18,1996,24,PM,F,20.0,24.0
24814,12,18,1996,19,PF,F,17.0,7.0
24815,12,18,1996,20,PF,F,15.0,8.0
24816,12,18,1996,21,PF,M,15.0,8.0
24817,12,18,1996,22,DM,M,35.0,40.0
24818,12,18,1996,18,PF,F,16.0,10.0
24819,12,18,1996,17,DM,F,36.0,35.0
24820,12,18,1996,22,DM,F,37.0,46.0
24821,12,18,1996,1,OT,M,20.0,24.0
24822,12,18,1996,2,DM,M,35.0,45.0
24823,12,18,1996,12,DM,F,35.71269177126918,36.0
24824,12,18,1996,1,DO,F,35.0,52.0
24825,12,18,1996,2,OT,M,20.0,23.0
24826,12,18,1996,1,DO,F,37.0,52.0
24827,12,18,1996,12,DM,F,36.0,45.0
24828,12,18,1996,19,PM,M,19.0,28.0
24829,12,18,1996,22,PF,M,16.0,7.0
24830,12,18,1996,12,DM,M,37.0,41.0
24831,12,18,1996,19,PM,F,20.0,24.0
24832,12,18,1996,18,RM,M,17.0,13.0
24833,12,18,1996,20,PF,M,17.0,7.0
24834,12,18,1996,1,DO,F,32.0,43.0
24835,12,18,1996,12,OT,F,21.0,27.0
24836,12,18,1996,21,PF,F,15.0,8.0
24837,12,18,1996,12,DM,F,37.0,40.0
24838,12,18,1996,2,RM,M,18.0,11.0
24839,12,18,1996,18,RM,F,16.0,14.0
24840,12,18,1996,23,RM,F,15.0,12.0
24841,12,18,1996,17,DM,M,36.0,41.0
24842,12,18,1996,19,RM,F,17.0,9.0
24843,12,18,1996,19,RM,M,17.0,12.0
24844,12,18,1996,2,DM,M,37.0,47.0
24845,12,18,1996,2,PB,F,24.0,26.0
24846,12,18,1996,1,DM,M,33.0,37.0
24847,12,18,1996,2,RM,F,16.0,9.0
24848,12,18,1996,19,PB,F,26.0,28.0
24849,12,18,1996,17,DM,M,35.0,40.0
24850,12,18,1996,2,PB,M,27.0,44.0
24851,12,18,1996,17,DM,M,40.0,46.0
24852,12,18,1996,24,PM,M,20.0,20.0
24853,12,18,1996,22,PB,M,26.0,45.0
24854,12,18,1996,1,DO,M,36.0,50.0
24855,12,18,1996,12,DM,M,38.0,50.0
24856,12,18,1996,17,PM,M,22.0,28.0
24857,12,18,1996,12,DM,F,36.0,40.0
24858,12,18,1996,1,DO,M,35.0,54.0
24859,12,18,1996,12,DM,M,38.0,47.0
24860,12,18,1996,23,PM,F,21.0,33.0
24861,12,18,1996,2,PM,M,21.0,21.0
24862,12,18,1996,20,PF,F,16.0,6.0
24863,12,18,1996,21,RM,F,17.0,9.0
24864,12,18,1996,1,DM,F,37.0,41.0
24865,12,18,1996,19,PM,F,20.0,11.0
24866,12,18,1996,1,DO,F,37.0,46.0
24867,12,18,1996,2,DO,F,36.0,57.0
24868,12,18,1996,12,DM,M,36.0,37.0
24869,12,18,1996,7,PM,F,19.0,12.0
24870,12,19,1996,9,DM,M,36.0,46.0
24871,12,19,1996,4,DM,M,38.0,50.0
24872,12,19,1996,15,RM,M,15.0,11.0
24873,12,19,1996,9,DO,M,35.0,50.0
24874,12,19,1996,14,DM,M,34.0,36.0
24875,12,19,1996,9,DM,F,36.0,42.0
24876,12,19,1996,9,DM,M,37.0,51.0
24877,12,19,1996,8,DM,M,37.0,41.0
24878,12,19,1996,4,DM,F,36.0,42.0
24879,12,19,1996,3,DO,F,34.0,53.0
24880,12,19,1996,4,DM,M,37.0,49.0
24881,12,19,1996,4,DM,F,38.0,40.0
24882,12,19,1996,11,DO,M,35.0,45.0
24883,12,19,1996,13,OT,F,22.0,25.0
24884,12,19,1996,3,DO,F,36.0,58.0
24885,12,19,1996,8,DO,F,38.0,48.0
24886,12,19,1996,3,PB,F,27.0,39.0
24887,12,19,1996,11,DM,F,37.0,43.0
24888,12,19,1996,5,OT,F,21.0,24.0
24889,12,19,1996,14,DM,M,35.0,50.0
24890,12,19,1996,11,DO,M,37.0,53.0
24891,12,19,1996,8,DM,M,35.0,40.0
24892,12,19,1996,16,DM,F,35.0,35.0
24893,12,19,1996,4,DM,M,36.0,40.0
24894,12,19,1996,8,DO,M,32.0,25.0
24895,12,19,1996,4,PF,F,16.0,7.0
24896,12,19,1996,8,DO,M,37.0,54.0
24897,12,19,1996,10,RM,F,17.0,14.0
24898,12,19,1996,8,OT,F,21.0,25.0
24899,12,19,1996,8,DM,F,37.0,38.0
24900,12,19,1996,3,DM,M,35.0,40.0
24901,12,19,1996,13,OT,F,20.0,20.0
24902,12,19,1996,6,OT,F,20.0,23.0
24903,12,19,1996,14,DM,M,33.0,36.0
24904,12,19,1996,10,RM,F,17.0,13.0
24906,12,19,1996,9,DM,F,37.0,41.0
24907,12,19,1996,14,DM,M,35.0,45.0
24908,12,19,1996,16,DM,M,36.0,46.0
24909,12,19,1996,4,DM,M,40.0,51.0
24910,12,19,1996,9,DM,M,36.0,49.0
24911,12,19,1996,8,DO,F,35.0,44.0
24912,12,19,1996,13,OT,M,18.0,25.0
24913,12,19,1996,16,DM,F,34.0,39.0
24914,12,19,1996,11,DM,M,37.0,52.0
24915,12,19,1996,9,DM,F,38.0,42.0
24916,12,19,1996,13,PM,F,19.0,23.0
24917,12,19,1996,5,PM,M,20.0,23.0
24918,12,19,1996,4,DM,M,37.0,51.0
24919,12,19,1996,11,DM,F,35.0,39.0
24920,12,19,1996,10,RM,M,17.0,9.0
